{"1": {"LastSentTime": 1533409079.78, "2": {"startRecordedTime": 1529423058.21, "data": [3986021.589999914, 0.00024], "LastTotalBytes": 172774371035, "LastRecordedTime": 1533409079.8}, "1": {"startRecordedTime": 1529423058.21, "data": [3986021.589999914, 0.00096], "LastTotalBytes": 173814924167, "LastRecordedTime": 1533409079.8}}, "2": {"LastSentTime": 1533409079.78, "2": {"startRecordedTime": 1529423058.21, "data": [3986021.589999914, 0.00023762376461995723], "LastTotalBytes": 134970931055, "LastRecordedTime": 1533409079.8}, "1": {"startRecordedTime": 1529423058.21, "data": [3986021.589999914, 0.0007128712938598717], "LastTotalBytes": 136116030597, "LastRecordedTime": 1533409079.8}}, "3": {"LastSentTime": 1533409079.78, "2": {"startRecordedTime": 1529423058.21, "data": [3986021.589999914, 0.00024], "LastTotalBytes": 85022577680, "LastRecordedTime": 1533409079.8}, "1": {"startRecordedTime": 1529423058.21, "data": [3986021.589999914, 0.00096], "LastTotalBytes": 86076084186, "LastRecordedTime": 1533409079.8}}, "4": {"LastSentTime": 1533409079.78, "2": {"startRecordedTime": 1529423058.21, "data": [3986021.5699999332, 0.0007236180869844423], "LastTotalBytes": 70214144491, "LastRecordedTime": 1533409079.78}, "3": {"startRecordedTime": 1529423058.21, "data": [3986021.5699999332, 0.00024120602899481409], "LastTotalBytes": 171525011283, "LastRecordedTime": 1533409079.78}, "1": {"startRecordedTime": 1529423058.21, "data": [3986021.5699999332, 0.0009648241159792563], "LastTotalBytes": 104004169427, "LastRecordedTime": 1533409079.78}}, "5": {"LastSentTime": 1533409079.78, "2": {"startRecordedTime": 1529423058.21, "data": [3986021.589999914, 0.0002388059712823041], "LastTotalBytes": 180745405290, "LastRecordedTime": 1533409079.8}, "1": {"startRecordedTime": 1529423058.21, "data": [3986021.5799999237, 0.00072], "LastTotalBytes": 182054867548, "LastRecordedTime": 1533409079.79}}, "6": {"LastSentTime": 1533409079.78, "2": {"startRecordedTime": 1529423058.21, "data": [3986021.5699999332, 0.00072], "LastTotalBytes": 136116030597, "LastRecordedTime": 1533409079.78}, "3": {"startRecordedTime": 1529423058.21, "data": [3986021.5699999332, 0.0009648241159792563], "LastTotalBytes": 168486892489, "LastRecordedTime": 1533409079.78}, "4": {"startRecordedTime": 1529423058.21, "data": [3986021.5799999237, 0.00072], "LastTotalBytes": 35314165434, "LastRecordedTime": 1533409079.79}, "5": {"startRecordedTime": 1529423058.21, "data": [3986021.5799999237, 0.00024], "LastTotalBytes": 421392169857, "LastRecordedTime": 1533409079.79}, "1": {"startRecordedTime": 1529423058.21, "data": [3986021.5699999332, 0.00096], "LastTotalBytes": 173814924167, "LastRecordedTime": 1533409079.78}}, "7": {"LastSentTime": 1533409079.78, "2": {"startRecordedTime": 1529423058.21, "data": [3986021.5799999237, 0.00096], "LastTotalBytes": 104004169427, "LastRecordedTime": 1533409079.79}, "3": {"startRecordedTime": 1529423058.21, "data": [3986021.5799999237, 0.00096], "LastTotalBytes": 168486892489, "LastRecordedTime": 1533409079.79}, "4": {"startRecordedTime": 1529423058.21, "data": [3986021.5799999237, 0.00096], "LastTotalBytes": 118184181014, "LastRecordedTime": 1533409079.79}, "5": {"startRecordedTime": 1529423058.21, "data": [3986021.5799999237, 0.0012060301449740706], "LastTotalBytes": 4865697819, "LastRecordedTime": 1533409079.79}, "6": {"startRecordedTime": 1529423058.21, "data": [3986021.5799999237, 0.00024120602899481409], "LastTotalBytes": 374027261244, "LastRecordedTime": 1533409079.79}, "1": {"startRecordedTime": 1529423058.21, "data": [3986021.5799999237, 0.00096], "LastTotalBytes": 86076084186, "LastRecordedTime": 1533409079.79}}, "8": {"LastSentTime": 1533409079.78, "2": {"startRecordedTime": 1529423058.21, "data": [3986021.589999914, 0.0007128712938598717], "LastTotalBytes": 182054867548, "LastRecordedTime": 1533409079.8}, "3": {"startRecordedTime": 1529423058.21, "data": [3986021.589999914, 0.0009504950584798289], "LastTotalBytes": 118184181014, "LastRecordedTime": 1533409079.8}, "4": {"startRecordedTime": 1529423058.21, "data": [3986021.589999914, 0.0007128712938598717], "LastTotalBytes": 62395801802, "LastRecordedTime": 1533409079.8}, "5": {"startRecordedTime": 1529423058.21, "data": [3986021.589999914, 0.00023762376461995723], "LastTotalBytes": 362969045452, "LastRecordedTime": 1533409079.8}, "1": {"startRecordedTime": 1529423058.21, "data": [3986021.589999914, 0.0007128712938598717], "LastTotalBytes": 70214144491, "LastRecordedTime": 1533409079.8}}, "9": {"LastSentTime": 1533409079.78, "2": {"startRecordedTime": 1529423058.2, "data": [3986021.589999914, 0.0012060301449740706], "LastTotalBytes": 4865697819, "LastRecordedTime": 1533409079.79}, "3": {"startRecordedTime": 1529423058.2, "data": [3986021.589999914, 0.0007236180869844423], "LastTotalBytes": 62395801802, "LastRecordedTime": 1533409079.79}, "4": {"startRecordedTime": 1529423058.2, "data": [3986021.589999914, 0.00048241205798962817], "LastTotalBytes": 182079931745, "LastRecordedTime": 1533409079.79}, "1": {"startRecordedTime": 1529423058.2, "data": [3986021.589999914, 0.0007236180869844423], "LastTotalBytes": 35314165434, "LastRecordedTime": 1533409079.79}}}